{"cameraMode":{"drawMode":0,"name":"Shaded","section":"Shading Mode"},"sceneLighting":false,"audioPlay":false,"sceneViewState":{"showFog":false,"showMaterialUpdate":false,"showSkybox":false,"showFlares":false,"showImageEffects":false,"showParticleSystems":false},"in2DMode":false,"pivot":{"x":733.52294921875,"y":17.467281341552736,"z":-104.99008178710938},"rotation":{"x":-0.0021724579855799677,"y":0.991038978099823,"z":-0.13257047533988954,"w":-0.016190016642212869},"size":22.0,"orthographic":false}