{"cameraMode":{"drawMode":0,"name":"Shaded","section":"Shading Mode"},"sceneLighting":false,"audioPlay":false,"sceneViewState":{"showFog":false,"showMaterialUpdate":false,"showSkybox":false,"showFlares":false,"showImageEffects":false,"showParticleSystems":false},"in2DMode":false,"pivot":{"x":-8.849498748779297,"y":8.331254005432129,"z":0.08455824851989746},"rotation":{"x":-0.1890043169260025,"y":-0.6425189971923828,"z":-0.16787922382354737,"w":0.7233694195747376},"size":25.53129005432129,"orthographic":false}