{"cameraMode":{"drawMode":0,"name":"Shaded","section":"Shading Mode"},"sceneLighting":false,"audioPlay":false,"sceneViewState":{"showFog":false,"showMaterialUpdate":false,"showSkybox":false,"showFlares":false,"showImageEffects":false,"showParticleSystems":false},"in2DMode":false,"pivot":{"x":72.24253845214844,"y":22.489999771118165,"z":19.472511291503908},"rotation":{"x":0.044269509613513949,"y":0.8270358443260193,"z":-0.06595440953969956,"w":0.5565087199211121},"size":69.0949478149414,"orthographic":true}