{"cameraMode":{"drawMode":0,"name":"Shaded","section":"Shading Mode"},"sceneLighting":false,"audioPlay":false,"sceneViewState":{"showFog":false,"showMaterialUpdate":false,"showSkybox":false,"showFlares":false,"showImageEffects":false,"showParticleSystems":false},"in2DMode":false,"pivot":{"x":112.37614440917969,"y":0.9014305472373962,"z":0.4140121340751648},"rotation":{"x":-0.08075153827667237,"y":-0.81570965051651,"z":-0.11749795079231262,"w":0.5606169104576111},"size":0.8573682308197022,"orthographic":false}