{"cameraMode":{"drawMode":0,"name":"Shaded","section":"Shading Mode"},"sceneLighting":false,"audioPlay":false,"sceneViewState":{"showFog":false,"showMaterialUpdate":false,"showSkybox":false,"showFlares":false,"showImageEffects":false,"showParticleSystems":false},"in2DMode":false,"pivot":{"x":-5.8082404136657719,"y":2.1247265338897707,"z":-7.761000156402588},"rotation":{"x":0.20921644568443299,"y":0.5016562938690186,"z":-0.12649117410182954,"w":0.8298008441925049},"size":22.0,"orthographic":false}