{"cameraMode":{"drawMode":0,"name":"Shaded","section":"Shading Mode"},"sceneLighting":false,"audioPlay":false,"sceneViewState":{"showFog":false,"showMaterialUpdate":false,"showSkybox":false,"showFlares":false,"showImageEffects":false,"showParticleSystems":false},"in2DMode":false,"pivot":{"x":-0.5100002288818359,"y":0.46142637729644778,"z":2.726487159729004},"rotation":{"x":-0.07256948947906494,"y":-0.7233664393424988,"z":0.07694396376609802,"w":-0.6823154091835022},"size":8.268260955810547,"orthographic":false}