{"cameraMode":{"drawMode":0,"name":"Shaded","section":"Shading Mode"},"sceneLighting":false,"audioPlay":false,"sceneViewState":{"showFog":false,"showMaterialUpdate":false,"showSkybox":false,"showFlares":false,"showImageEffects":false,"showParticleSystems":false},"in2DMode":false,"pivot":{"x":-0.01702439785003662,"y":0.02370762825012207,"z":0.004049509763717651},"rotation":{"x":-0.0631563737988472,"y":-0.8573598861694336,"z":0.1086622029542923,"w":-0.49913713335990908},"size":2.992206335067749,"orthographic":true}