{"cameraMode":{"drawMode":0,"name":"Shaded","section":"Shading Mode"},"sceneLighting":false,"audioPlay":false,"sceneViewState":{"showFog":false,"showMaterialUpdate":false,"showSkybox":false,"showFlares":false,"showImageEffects":false,"showParticleSystems":false},"in2DMode":false,"pivot":{"x":0.025364458560943605,"y":0.05095314979553223,"z":0.05094599723815918},"rotation":{"x":-0.002105491701513529,"y":-0.9977591633796692,"z":0.03834398835897446,"w":-0.054790254682302478},"size":15.516091346740723,"orthographic":false}