{"cameraMode":{"drawMode":0,"name":"Shaded","section":"Shading Mode"},"sceneLighting":false,"audioPlay":false,"sceneViewState":{"showFog":false,"showMaterialUpdate":false,"showSkybox":false,"showFlares":false,"showImageEffects":false,"showParticleSystems":false},"in2DMode":false,"pivot":{"x":5.960464477539063e-8,"y":1.7200000286102296,"z":-5.960464477539063e-8},"rotation":{"x":0.003328224876895547,"y":0.32790878415107729,"z":0.0011612647213041783,"w":-0.9447028636932373},"size":2.857893943786621,"orthographic":false}