{"cameraMode":{"drawMode":0,"name":"Shaded","section":"Shading Mode"},"sceneLighting":false,"audioPlay":false,"sceneViewState":{"showFog":false,"showMaterialUpdate":false,"showSkybox":false,"showFlares":false,"showImageEffects":false,"showParticleSystems":false},"in2DMode":false,"pivot":{"x":0.20061874389648438,"y":1.8299589157104493,"z":5.102019786834717},"rotation":{"x":-0.09429565817117691,"y":-0.6594352126121521,"z":-0.08390846848487854,"w":0.7410890460014343},"size":4.886652946472168,"orthographic":false}