{"cameraMode":{"drawMode":0,"name":"Shaded","section":"Shading Mode"},"sceneLighting":false,"audioPlay":false,"sceneViewState":{"showFog":false,"showMaterialUpdate":false,"showSkybox":false,"showFlares":false,"showImageEffects":false,"showParticleSystems":false},"in2DMode":false,"pivot":{"x":-0.019905030727386476,"y":1.2108955383300782,"z":0.23230436444282533},"rotation":{"x":-0.026084434241056443,"y":0.7333716750144959,"z":-0.028183748945593835,"w":-0.6787424683570862},"size":0.5728421211242676,"orthographic":false}