{"cameraMode":{"drawMode":0,"name":"Shaded","section":"Shading Mode"},"sceneLighting":false,"audioPlay":false,"sceneViewState":{"showFog":false,"showMaterialUpdate":false,"showSkybox":false,"showFlares":false,"showImageEffects":false,"showParticleSystems":false},"in2DMode":false,"pivot":{"x":2.8499999046325685,"y":6.829999923706055,"z":-12.054000854492188},"rotation":{"x":0.20921644568443299,"y":0.5016562938690186,"z":-0.12649117410182954,"w":0.8298008441925049},"size":15.902596473693848,"orthographic":false}