{"cameraMode":{"drawMode":0,"name":"Shaded","section":"Shading Mode"},"sceneLighting":false,"audioPlay":false,"sceneViewState":{"showFog":false,"showMaterialUpdate":false,"showSkybox":false,"showFlares":false,"showImageEffects":false,"showParticleSystems":false},"in2DMode":false,"pivot":{"x":-0.02273525483906269,"y":0.09317747503519058,"z":-0.15973322093486787},"rotation":{"x":-0.005712246056646109,"y":-0.8031203746795654,"z":-0.007700896356254816,"w":0.5957397222518921},"size":2.827094078063965,"orthographic":false}