{"cameraMode":{"drawMode":0,"name":"Shaded","section":"Shading Mode"},"sceneLighting":false,"audioPlay":false,"sceneViewState":{"showFog":false,"showMaterialUpdate":false,"showSkybox":false,"showFlares":false,"showImageEffects":false,"showParticleSystems":false},"in2DMode":false,"pivot":{"x":1.9056743383407593,"y":0.07482881098985672,"z":-0.41777247190475466},"rotation":{"x":-0.022829381749033929,"y":0.3999185264110565,"z":-0.00996464118361473,"w":-0.9162121415138245},"size":0.03373599052429199,"orthographic":false}