{"cameraMode":{"drawMode":0,"name":"Shaded","section":"Shading Mode"},"sceneLighting":false,"audioPlay":false,"sceneViewState":{"showFog":false,"showMaterialUpdate":false,"showSkybox":false,"showFlares":false,"showImageEffects":false,"showParticleSystems":false},"in2DMode":false,"pivot":{"x":18.478466033935548,"y":-5.2217817306518559,"z":29.29283905029297},"rotation":{"x":0.22925561666488648,"y":0.3368228077888489,"z":-0.08493178337812424,"w":0.9092738628387451},"size":38.42565155029297,"orthographic":false}