{"cameraMode":{"drawMode":0,"name":"Shaded","section":"Shading Mode"},"sceneLighting":false,"audioPlay":false,"sceneViewState":{"showFog":false,"showMaterialUpdate":false,"showSkybox":false,"showFlares":false,"showImageEffects":false,"showParticleSystems":false},"in2DMode":false,"pivot":{"x":0.15843917429447175,"y":1.026094675064087,"z":-1.8340823650360108},"rotation":{"x":-0.0021622884087264539,"y":-0.9976747632026672,"z":0.05634046345949173,"w":-0.03829057514667511},"size":2.6120975017547609,"orthographic":false}