{"cameraMode":{"drawMode":0,"name":"Shaded","section":"Shading Mode"},"sceneLighting":false,"audioPlay":false,"sceneViewState":{"showFog":false,"showMaterialUpdate":false,"showSkybox":false,"showFlares":false,"showImageEffects":false,"showParticleSystems":false},"in2DMode":false,"pivot":{"x":-0.3488236665725708,"y":-0.24652385711669923,"z":0.0106048583984375},"rotation":{"x":-0.05793406814336777,"y":0.9418035745620728,"z":-0.2224178910255432,"w":-0.24531614780426026},"size":1.327094316482544,"orthographic":false}