{"cameraMode":{"drawMode":0,"name":"Shaded","section":"Shading Mode"},"sceneLighting":false,"audioPlay":false,"sceneViewState":{"showFog":false,"showMaterialUpdate":false,"showSkybox":false,"showFlares":false,"showImageEffects":false,"showParticleSystems":false},"in2DMode":false,"pivot":{"x":0.0,"y":0.20900000631809236,"z":-1.0080000162124634},"rotation":{"x":-0.057788267731666568,"y":0.7055563926696777,"z":-0.05792296305298805,"w":-0.7039145231246948},"size":0.285788357257843,"orthographic":false}