{"cameraMode":{"drawMode":0,"name":"Shaded","section":"Shading Mode"},"sceneLighting":false,"audioPlay":false,"sceneViewState":{"showFog":false,"showMaterialUpdate":false,"showSkybox":false,"showFlares":false,"showImageEffects":false,"showParticleSystems":false},"in2DMode":false,"pivot":{"x":-1.936112880706787,"y":-2.2142598628997804,"z":9.13609504699707},"rotation":{"x":-0.1310773640871048,"y":0.14673194289207459,"z":-0.019621822983026506,"w":-0.9802568554878235},"size":14.371870994567871,"orthographic":false}