{"cameraMode":{"drawMode":0,"name":"Shaded","section":"Shading Mode"},"sceneLighting":false,"audioPlay":false,"sceneViewState":{"showFog":false,"showMaterialUpdate":false,"showSkybox":false,"showFlares":false,"showImageEffects":false,"showParticleSystems":false},"in2DMode":false,"pivot":{"x":82.90011596679688,"y":0.3386976718902588,"z":-0.3527228832244873},"rotation":{"x":0.1310424953699112,"y":0.8262890577316284,"z":-0.21488745510578156,"w":0.503882646560669},"size":3.064250946044922,"orthographic":false}