{"cameraMode":{"drawMode":0,"name":"Shaded","section":"Shading Mode"},"sceneLighting":false,"audioPlay":false,"sceneViewState":{"showFog":true,"showMaterialUpdate":true,"showSkybox":true,"showFlares":true,"showImageEffects":true,"showParticleSystems":true},"in2DMode":false,"pivot":{"x":0.40086665749549868,"y":-0.06085079908370972,"z":1.248603105545044},"rotation":{"x":-0.014995439909398556,"y":-0.9835867881774902,"z":0.09771307557821274,"w":-0.15094508230686189},"size":2.258195400238037,"orthographic":false}