{"cameraMode":{"drawMode":0,"name":"Shaded","section":"Shading Mode"},"sceneLighting":false,"audioPlay":false,"sceneViewState":{"showFog":false,"showMaterialUpdate":false,"showSkybox":false,"showFlares":false,"showImageEffects":false,"showParticleSystems":false},"in2DMode":false,"pivot":{"x":115.68976593017578,"y":1.2975845336914063,"z":2.594567060470581},"rotation":{"x":-0.0425235889852047,"y":0.1319740265607834,"z":-0.005667196586728096,"w":-0.9903244376182556},"size":5.083459377288818,"orthographic":false}