{"cameraMode":{"drawMode":0,"name":"Shaded","section":"Shading Mode"},"sceneLighting":false,"audioPlay":false,"sceneViewState":{"showFog":false,"showMaterialUpdate":false,"showSkybox":false,"showFlares":false,"showImageEffects":false,"showParticleSystems":false},"in2DMode":false,"pivot":{"x":0.5270000100135803,"y":0.1289999932050705,"z":0.0},"rotation":{"x":-0.005595656577497721,"y":0.9721848964691162,"z":-0.23298059403896333,"w":-0.023350875824689866},"size":0.2857884168624878,"orthographic":false}