{"cameraMode":{"drawMode":0,"name":"Shaded","section":"Shading Mode"},"sceneLighting":false,"audioPlay":false,"sceneViewState":{"showFog":false,"showMaterialUpdate":false,"showSkybox":false,"showFlares":false,"showImageEffects":false,"showParticleSystems":false},"in2DMode":false,"pivot":{"x":-106.8353500366211,"y":-49.043785095214847,"z":-87.16439819335938},"rotation":{"x":0.05327882990241051,"y":-0.9255586862564087,"z":0.14218609035015107,"w":0.3468222916126251},"size":189.35374450683595,"orthographic":false}