{"cameraMode":{"drawMode":0,"name":"Shaded","section":"Shading Mode"},"sceneLighting":false,"audioPlay":false,"sceneViewState":{"showFog":false,"showMaterialUpdate":false,"showSkybox":false,"showFlares":false,"showImageEffects":false,"showParticleSystems":false},"in2DMode":false,"pivot":{"x":6.108421802520752,"y":-1.5217543840408326,"z":7.7588791847229},"rotation":{"x":0.08206649124622345,"y":0.25404855608940127,"z":-0.02164555713534355,"w":0.9634604454040527},"size":16.67343521118164,"orthographic":false}