{"cameraMode":{"drawMode":0,"name":"Shaded","section":"Shading Mode"},"sceneLighting":false,"audioPlay":false,"sceneViewState":{"showFog":false,"showMaterialUpdate":false,"showSkybox":false,"showFlares":false,"showImageEffects":false,"showParticleSystems":false},"in2DMode":false,"pivot":{"x":12.109999656677246,"y":3.5614264011383058,"z":2.726487159729004},"rotation":{"x":0.05707712844014168,"y":0.17086587846279145,"z":-0.009921316988766194,"w":0.9835897088050842},"size":8.26826000213623,"orthographic":false}