{"cameraMode":{"drawMode":0,"name":"Shaded","section":"Shading Mode"},"sceneLighting":false,"audioPlay":false,"sceneViewState":{"showFog":true,"showMaterialUpdate":true,"showSkybox":true,"showFlares":true,"showImageEffects":true,"showParticleSystems":true},"in2DMode":false,"pivot":{"x":-0.7266095876693726,"y":0.25494134426116946,"z":3.581012725830078},"rotation":{"x":-0.3445186913013458,"y":-0.5535672307014465,"z":0.26904264092445376,"w":-0.7088627219200134},"size":2.029097557067871,"orthographic":false}