{"cameraMode":{"drawMode":0,"name":"Shaded","section":"Shading Mode"},"sceneLighting":false,"audioPlay":false,"sceneViewState":{"showFog":false,"showMaterialUpdate":false,"showSkybox":false,"showFlares":false,"showImageEffects":false,"showParticleSystems":false},"in2DMode":false,"pivot":{"x":-208.13265991210938,"y":-68.62303161621094,"z":-87.08318328857422},"rotation":{"x":0.08154212683439255,"y":-0.8272950053215027,"z":0.12453558295965195,"w":0.5416870713233948},"size":254.32846069335938,"orthographic":false}