{"cameraMode":{"drawMode":0,"name":"Shaded","section":"Shading Mode"},"sceneLighting":false,"audioPlay":false,"sceneViewState":{"showFog":false,"showMaterialUpdate":false,"showSkybox":false,"showFlares":false,"showImageEffects":false,"showParticleSystems":false},"in2DMode":false,"pivot":{"x":0.0,"y":0.20899999141693116,"z":-0.4739999771118164},"rotation":{"x":-0.040731944143772128,"y":0.6454975605010986,"z":-0.034509290009737018,"w":-0.7618942856788635},"size":2.8578836917877199,"orthographic":false}