{"cameraMode":{"drawMode":0,"name":"Shaded","section":"Shading Mode"},"sceneLighting":false,"audioPlay":false,"sceneViewState":{"showFog":false,"showMaterialUpdate":false,"showSkybox":false,"showFlares":false,"showImageEffects":false,"showParticleSystems":false},"in2DMode":false,"pivot":{"x":-1.2907140254974366,"y":20.600000381469728,"z":1.5551354885101319},"rotation":{"x":0.24819578230381013,"y":0.658778727054596,"z":-0.2453325092792511,"w":0.6664993762969971},"size":7.642754077911377,"orthographic":false}