{"cameraMode":{"drawMode":0,"name":"Shaded","section":"Shading Mode"},"sceneLighting":false,"audioPlay":false,"sceneViewState":{"showFog":false,"showMaterialUpdate":false,"showSkybox":false,"showFlares":false,"showImageEffects":false,"showParticleSystems":false},"in2DMode":false,"pivot":{"x":0.5270000100135803,"y":0.1289999932050705,"z":0.0},"rotation":{"x":-0.05002656579017639,"y":0.8528830409049988,"z":-0.08317159861326218,"w":-0.5130012035369873},"size":0.2857884168624878,"orthographic":false}