{"cameraMode":{"drawMode":0,"name":"Shaded","section":"Shading Mode"},"sceneLighting":false,"audioPlay":false,"sceneViewState":{"showFog":false,"showMaterialUpdate":false,"showSkybox":false,"showFlares":false,"showImageEffects":false,"showParticleSystems":false},"in2DMode":false,"pivot":{"x":116.29248046875,"y":1.056244134902954,"z":-0.04040725529193878},"rotation":{"x":-0.1050257533788681,"y":-0.671413004398346,"z":0.09697599709033966,"w":-0.727165699005127},"size":1.4526586532592774,"orthographic":false}