{"cameraMode":{"drawMode":0,"name":"Shaded","section":"Shading Mode"},"sceneLighting":false,"audioPlay":false,"sceneViewState":{"showFog":true,"showMaterialUpdate":true,"showSkybox":true,"showFlares":true,"showImageEffects":true,"showParticleSystems":true},"in2DMode":false,"pivot":{"x":5.632883071899414,"y":3.3244593143463136,"z":-0.7968261241912842},"rotation":{"x":-0.0769098550081253,"y":-0.7541481852531433,"z":0.08978955447673798,"w":-0.6459746956825256},"size":7.274848937988281,"orthographic":false}