{"cameraMode":{"drawMode":0,"name":"Shaded","section":"Shading Mode"},"sceneLighting":false,"audioPlay":false,"sceneViewState":{"showFog":false,"showMaterialUpdate":false,"showSkybox":false,"showFlares":false,"showImageEffects":false,"showParticleSystems":false},"in2DMode":false,"pivot":{"x":9.931827545166016,"y":0.6124916672706604,"z":18.478246688842775},"rotation":{"x":0.011029202491044999,"y":0.25660747289657595,"z":-0.0029284630436450245,"w":0.9664483666419983},"size":22.0,"orthographic":false}