{"cameraMode":{"drawMode":0,"name":"Shaded","section":"Shading Mode"},"sceneLighting":false,"audioPlay":false,"sceneViewState":{"showFog":false,"showMaterialUpdate":false,"showSkybox":false,"showFlares":false,"showImageEffects":false,"showParticleSystems":false},"in2DMode":false,"pivot":{"x":112.37614440917969,"y":0.9014305472373962,"z":0.4140121340751648},"rotation":{"x":-0.09356635808944702,"y":0.7167527079582214,"z":-0.09804011881351471,"w":-0.6840314269065857},"size":0.2857942581176758,"orthographic":false}